<?xml version="1.0" encoding="UTF-8"?>
<project-private xmlns="http://www.netbeans.org/ns/project-private/1">
    <editor-bookmarks xmlns="http://www.netbeans.org/ns/editor-bookmarks/2" lastBookmarkId="0"/>
    <open-files xmlns="http://www.netbeans.org/ns/projectui-open-files/2">
        <group>
            <file>file:/C:/Users/User/Documents/NetBeansProjects/BookStoreJavaEE-master/EnterpriseApplication4-war/web/books/Edit.xhtml</file>
            <file>file:/C:/Users/User/Documents/NetBeansProjects/BookStoreJavaEE-master/EnterpriseApplication4-war/web/books/List.xhtml</file>
            <file>file:/C:/Users/User/Documents/NetBeansProjects/BookStoreJavaEE-master/EnterpriseApplication4-war/web/bookDetail.xhtml</file>
            <file>file:/C:/Users/User/Documents/NetBeansProjects/BookStoreJavaEE-master/EnterpriseApplication4-war/src/conf/persistence.xml</file>
            <file>file:/C:/Users/User/Documents/NetBeansProjects/BookStoreJavaEE-master/EnterpriseApplication4-war/web/register.xhtml</file>
            <file>file:/C:/Users/User/Documents/NetBeansProjects/BookStoreJavaEE-master/EnterpriseApplication4-war/web/books/Create.xhtml</file>
            <file>file:/C:/Users/User/Documents/NetBeansProjects/BookStoreJavaEE-master/EnterpriseApplication4-war/web/login.xhtml</file>
            <file>file:/C:/Users/User/Documents/NetBeansProjects/BookStoreJavaEE-master/EnterpriseApplication4-war/src/java/jsf/LoginController.java</file>
            <file>file:/C:/Users/User/Documents/NetBeansProjects/BookStoreJavaEE-master/EnterpriseApplication4-war/web/resources/css/jsfcrud.css</file>
            <file>file:/C:/Users/User/Documents/NetBeansProjects/BookStoreJavaEE-master/EnterpriseApplication4-war/web/index.xhtml</file>
            <file>file:/C:/Users/User/Documents/NetBeansProjects/BookStoreJavaEE-master/EnterpriseApplication4-war/src/java/jsf/BooksController.java</file>
            <file>file:/C:/Users/User/Documents/NetBeansProjects/BookStoreJavaEE-master/EnterpriseApplication4-war/web/template.xhtml</file>
        </group>
    </open-files>
</project-private>
